{"cameraMode":{"drawMode":0,"name":"Shaded","section":"Shading Mode"},"sceneLighting":true,"audioPlay":false,"sceneViewState":{"showFog":true,"showMaterialUpdate":false,"showSkybox":true,"showFlares":true,"showImageEffects":true,"showParticleSystems":true,"showVisualEffectGraphs":true,"m_FxEnabled":true},"in2DMode":false,"pivot":{"x":0.5375204682350159,"y":-0.12977254390716554,"z":-1.3142361640930176},"rotation":{"x":-0.030637843534350396,"y":-0.9174790978431702,"z":0.07198315113782883,"w":-0.3900914192199707},"size":2.1073949337005617,"orthographic":false}